transaction-32,stock_in,2020-01-21 15:18:38 +0000 +0000,2020-01-21 15:18:38 +0000 +0000,0,Dewon
transaction-33,stock_in,2020-01-21 15:21:04 +0000 +0000,2020-01-21 15:21:04 +0000 +0000,0,Dewon
transaction-34,stock_in,2020-01-21 15:25:13 +0000 +0000,2020-01-21 15:25:13 +0000 +0000,0,Dewon
transaction-35,stock_in,2020-01-21 15:26:42 +0000 +0000,2020-01-21 15:26:42 +0000 +0000,0,Dewon
transaction-36,stock_in,2020-01-21 15:27:31 +0000 +0000,2020-01-21 15:27:31 +0000 +0000,0,Dewon
transaction-37,stock_in,2020-01-21 15:28:19 +0000 +0000,2020-01-21 15:28:19 +0000 +0000,0,Dewon
transaction-38,stock_in,2020-01-21 15:28:55 +0000 +0000,2020-01-21 15:28:55 +0000 +0000,0,Dewon
transaction-39,stock_in,2020-01-21 15:29:26 +0000 +0000,2020-01-21 15:29:26 +0000 +0000,0,Dewon
transaction-40,stock_in,2020-01-21 15:30:51 +0000 +0000,2020-01-21 15:30:51 +0000 +0000,0,Dewon
transaction-41,stock_in,2020-01-21 15:33:03 +0000 +0000,2020-01-21 15:33:03 +0000 +0000,0,Dewon
transaction-42,stock_in,2020-01-21 15:39:43 +0000 +0000,2020-01-21 15:39:43 +0000 +0000,0,Dewon
transaction-43,stock_in,2020-01-21 15:41:39 +0000 +0000,2020-01-21 15:41:39 +0000 +0000,0,Dewon
transaction-44,stock_in,2020-01-21 15:51:26 +0000 +0000,2020-01-21 15:51:26 +0000 +0000,0,Dewon
transaction-45,stock_in,2020-01-21 15:59:32 +0000 +0000,2020-01-21 15:59:32 +0000 +0000,0,Dewon
transaction-46,stock_in,2020-01-21 16:00:12 +0000 +0000,2020-01-21 16:00:12 +0000 +0000,0,Dewon
transaction-47,stock_in,2020-01-21 16:07:51 +0000 +0000,2020-01-21 16:07:51 +0000 +0000,0,Dewon
transaction-48,stock_in,2020-01-21 16:08:48 +0000 +0000,2020-01-21 16:08:48 +0000 +0000,0,Dewon
transaction-49,stock_in,2020-01-21 16:17:21 +0000 +0000,2020-01-21 16:17:21 +0000 +0000,0,Dewon
transaction-50,stock_in,2020-01-21 16:17:47 +0000 +0000,2020-01-21 16:17:47 +0000 +0000,0,Dewon
transaction-51,stock_in,2020-01-21 16:19:27 +0000 +0000,2020-01-21 16:19:27 +0000 +0000,0,Dewon
transaction-52,stock_in,2020-01-21 16:20:02 +0000 +0000,2020-01-21 16:20:02 +0000 +0000,0,Dewon
transaction-53,stock_in,2020-01-21 16:20:50 +0000 +0000,2020-01-21 16:20:50 +0000 +0000,0,Dewon
transaction-54,stock_in,2020-01-21 16:22:07 +0000 +0000,2020-01-21 16:22:07 +0000 +0000,0,Dewon
transaction-55,stock_in,2020-01-21 16:23:07 +0000 +0000,2020-01-21 16:23:07 +0000 +0000,0,Dewon
transaction-56,stock_in,2020-01-21 16:24:27 +0000 +0000,2020-01-21 16:24:27 +0000 +0000,0,Dewon
transaction-57,stock_in,2020-01-21 16:26:40 +0000 +0000,2020-01-21 16:26:40 +0000 +0000,0,Dewon
transaction-58,stock_in,2020-01-21 16:27:53 +0000 +0000,2020-01-21 16:27:53 +0000 +0000,0,Dewon
transaction-59,stock_in,2020-01-21 16:28:49 +0000 +0000,2020-01-21 16:28:49 +0000 +0000,0,Dewon
transaction-60,stock_in,2020-01-21 16:35:10 +0000 +0000,2020-01-21 16:35:10 +0000 +0000,0,Dewon
transaction-61,stock_in,2020-01-21 16:36:29 +0000 +0000,2020-01-21 16:36:29 +0000 +0000,0,Dewon
transaction-62,stock_in,2020-01-21 16:38:27 +0000 +0000,2020-01-21 16:38:27 +0000 +0000,0,Dewon
transaction-63,stock_in,2020-01-21 16:39:30 +0000 +0000,2020-01-21 16:39:30 +0000 +0000,0,Dewon
transaction-64,stock_in,2020-01-21 16:39:54 +0000 +0000,2020-01-21 16:39:54 +0000 +0000,0,Dewon
transaction-65,stock_in,2020-01-21 16:42:21 +0000 +0000,2020-01-21 16:42:21 +0000 +0000,0,Dewon
transaction-66,stock_in,2020-01-21 16:43:13 +0000 +0000,2020-01-21 16:43:13 +0000 +0000,0,Dewon
transaction-67,stock_in,2020-01-21 16:44:52 +0000 +0000,2020-01-21 16:44:52 +0000 +0000,0,Dewon
transaction-68,stock_in,2020-01-21 16:45:37 +0000 +0000,2020-01-21 16:45:37 +0000 +0000,0,Dewon
transaction-69,stock_in,2020-01-21 16:46:49 +0000 +0000,2020-01-21 16:46:49 +0000 +0000,0,Dewon
transaction-70,stock_in,2020-01-21 16:47:28 +0000 +0000,2020-01-21 16:47:28 +0000 +0000,0,Dewon
transaction-71,stock_in,2020-01-21 16:49:14 +0000 +0000,2020-01-21 16:49:14 +0000 +0000,0,Dewon
transaction-72,stock_in,2020-01-21 16:49:40 +0000 +0000,2020-01-21 16:49:40 +0000 +0000,0,Dewon
transaction-73,stock_in,2020-01-21 16:50:10 +0000 +0000,2020-01-21 16:50:10 +0000 +0000,0,Dewon
transaction-74,stock_in,2020-01-21 16:51:27 +0000 +0000,2020-01-21 16:51:27 +0000 +0000,0,Dewon
transaction-75,stock_in,2020-01-21 16:52:09 +0000 +0000,2020-01-21 16:52:09 +0000 +0000,0,Dewon
transaction-76,stock_in,2020-01-21 16:52:53 +0000 +0000,2020-01-21 16:52:53 +0000 +0000,0,Dewon
transaction-77,stock_in,2020-01-21 16:53:36 +0000 +0000,2020-01-21 16:53:36 +0000 +0000,0,Dewon
transaction-78,stock_in,2020-01-21 16:54:24 +0000 +0000,2020-01-21 16:54:24 +0000 +0000,0,Dewon
transaction-79,stock_in,2020-01-21 16:55:21 +0000 +0000,2020-01-21 16:55:21 +0000 +0000,0,Dewon
transaction-80,stock_in,2020-01-21 16:56:02 +0000 +0000,2020-01-21 16:56:02 +0000 +0000,0,Dewon
transaction-81,stock_in,2020-01-21 16:56:50 +0000 +0000,2020-01-21 16:56:50 +0000 +0000,0,Dewon
transaction-82,stock_in,2020-01-21 16:58:05 +0000 +0000,2020-01-21 16:58:05 +0000 +0000,0,Dewon
transaction-83,stock_in,2020-01-21 16:58:38 +0000 +0000,2020-01-21 16:58:38 +0000 +0000,0,Dewon
transaction-84,stock_in,2020-01-21 16:59:23 +0000 +0000,2020-01-21 16:59:23 +0000 +0000,0,Dewon
transaction-85,stock_in,2020-01-21 16:59:56 +0000 +0000,2020-01-21 16:59:56 +0000 +0000,0,Dewon
transaction-86,stock_in,2020-01-21 17:00:17 +0000 +0000,2020-01-21 17:00:17 +0000 +0000,0,Dewon
transaction-88,stock_in,2020-01-21 17:48:43 +0000 +0000,2020-01-21 17:48:43 +0000 +0000,0,Dewon
transaction-89,stock_in,2020-01-21 17:52:48 +0000 +0000,2020-01-21 17:52:48 +0000 +0000,0,Dewon
transaction-90,stock_in,2020-01-27 17:26:45 +0000 +0000,2020-01-27 17:26:45 +0000 +0000,0,Dewon
transaction-91,stock_in,2020-01-27 17:27:33 +0000 +0000,2020-01-27 17:27:33 +0000 +0000,0,Dewon
transaction-92,stock_in,2020-01-31 16:11:18 +0000 +0000,2020-01-31 16:11:18 +0000 +0000,0,Ivan
transaction-93,stock_in,2020-01-31 16:12:03 +0000 +0000,2020-01-31 16:12:03 +0000 +0000,0,Ivan
transaction-94,stock_in,2020-01-31 16:13:43 +0000 +0000,2020-01-31 16:13:43 +0000 +0000,0,Ivan
transaction-95,stock_in,2020-01-31 16:20:17 +0000 +0000,2020-01-31 16:20:17 +0000 +0000,0,Ivan
transaction-96,stock_in,2020-02-03 20:05:32 +0000 +0000,2020-02-03 20:05:32 +0000 +0000,0,Dewon
transaction-97,stock_in,2020-02-03 20:05:49 +0000 +0000,2020-02-03 20:05:49 +0000 +0000,0,Dewon
transaction-98,stock_in,2020-02-03 20:06:26 +0000 +0000,2020-02-03 20:06:26 +0000 +0000,0,Dewon
transaction-99,sell,2020-02-05 13:04:18 +0000 +0000,2020-02-05 13:04:18 +0000 +0000,0,Dewon
transaction-100,stock_in,2020-02-20 15:24:39 +0000 +0000,2020-02-20 15:24:39 +0000 +0000,0,
transaction-101,stock_in,2020-02-20 15:25:09 +0000 +0000,2020-02-20 15:25:09 +0000 +0000,0,
transaction-102,stock_in,2020-02-20 15:25:31 +0000 +0000,2020-02-20 15:25:31 +0000 +0000,0,
transaction-103,stock_in,2020-02-20 15:25:59 +0000 +0000,2020-02-20 15:25:59 +0000 +0000,0,
transaction-104,stock_in,2020-02-20 15:26:47 +0000 +0000,2020-02-20 15:26:47 +0000 +0000,0,
transaction-105,stock_in,2020-02-20 15:27:11 +0000 +0000,2020-02-20 15:27:11 +0000 +0000,0,
transaction-106,stock_in,2020-02-20 15:27:33 +0000 +0000,2020-02-20 15:27:33 +0000 +0000,0,
transaction-107,stock_in,2020-02-20 15:36:09 +0000 +0000,2020-02-20 15:36:09 +0000 +0000,0,
transaction-108,stock_in,2020-02-20 15:36:33 +0000 +0000,2020-02-20 15:36:33 +0000 +0000,0,
transaction-109,stock_in,2020-02-20 15:36:55 +0000 +0000,2020-02-20 15:36:55 +0000 +0000,0,
transaction-110,stock_in,2020-02-20 15:37:10 +0000 +0000,2020-02-20 15:37:10 +0000 +0000,0,
transaction-111,stock_in,2020-02-20 15:37:28 +0000 +0000,2020-02-20 15:37:28 +0000 +0000,0,
transaction-112,stock_in,2020-02-20 15:37:47 +0000 +0000,2020-02-20 15:37:47 +0000 +0000,0,
transaction-113,stock_in,2020-02-20 15:38:06 +0000 +0000,2020-02-20 15:38:06 +0000 +0000,0,
transaction-114,stock_in,2020-02-20 15:43:22 +0000 +0000,2020-02-20 15:43:22 +0000 +0000,0,
transaction-115,stock_in,2020-02-20 15:43:36 +0000 +0000,2020-02-20 15:43:36 +0000 +0000,0,
transaction-116,stock_in,2020-02-20 15:43:52 +0000 +0000,2020-02-20 15:43:52 +0000 +0000,0,
transaction-117,stock_in,2020-02-20 15:44:05 +0000 +0000,2020-02-20 15:44:05 +0000 +0000,0,
transaction-118,stock_in,2020-02-20 15:44:26 +0000 +0000,2020-02-20 15:44:26 +0000 +0000,0,
transaction-119,stock_in,2020-02-20 15:44:38 +0000 +0000,2020-02-20 15:44:38 +0000 +0000,0,
transaction-120,stock_in,2020-02-21 15:08:10 +0000 +0000,2020-02-21 15:08:10 +0000 +0000,0,Ivan
transaction-121,stock_in,2020-02-21 15:08:50 +0000 +0000,2020-02-21 15:08:50 +0000 +0000,0,Ivan
transaction-122,stock_in,2020-02-21 15:09:19 +0000 +0000,2020-02-21 15:09:19 +0000 +0000,0,Ivan
transaction-125,stock_in,2020-02-21 15:13:02 +0000 +0000,2020-02-21 15:13:02 +0000 +0000,0,Ivan
transaction-132,stock_in,2020-02-21 15:21:29 +0000 +0000,2020-02-21 15:21:29 +0000 +0000,0,Ivan
transaction-123,stock_in,2020-02-21 15:10:07 +0000 +0000,2020-02-21 15:10:07 +0000 +0000,0,Ivan
transaction-124,stock_in,2020-02-21 15:11:05 +0000 +0000,2020-02-21 15:11:05 +0000 +0000,0,Ivan
transaction-126,stock_in,2020-02-21 15:15:08 +0000 +0000,2020-02-21 15:15:08 +0000 +0000,0,Ivan
transaction-135,stock_in,2020-02-21 16:31:23 +0000 +0000,2020-02-21 16:31:23 +0000 +0000,0,Ivan
transaction-137,stock_in,2020-02-21 16:34:54 +0000 +0000,2020-02-21 16:34:54 +0000 +0000,0,Ivan
transaction-127,stock_in,2020-02-21 15:15:50 +0000 +0000,2020-02-21 15:15:50 +0000 +0000,0,Ivan
transaction-131,stock_in,2020-02-21 15:21:26 +0000 +0000,2020-02-21 15:21:26 +0000 +0000,0,Ivan
transaction-134,stock_in,2020-02-21 16:29:20 +0000 +0000,2020-02-21 16:29:20 +0000 +0000,0,Ivan
transaction-128,stock_in,2020-02-21 15:17:10 +0000 +0000,2020-02-21 15:17:10 +0000 +0000,0,Ivan
transaction-129,stock_in,2020-02-21 15:17:42 +0000 +0000,2020-02-21 15:17:42 +0000 +0000,0,Ivan
transaction-130,stock_in,2020-02-21 15:18:28 +0000 +0000,2020-02-21 15:18:28 +0000 +0000,0,Ivan
transaction-133,stock_in,2020-02-21 16:28:19 +0000 +0000,2020-02-21 16:28:19 +0000 +0000,0,Ivan
transaction-136,stock_in,2020-02-21 16:32:23 +0000 +0000,2020-02-21 16:32:23 +0000 +0000,0,Ivan
transaction-138,stock_in,2020-02-21 16:36:05 +0000 +0000,2020-02-21 16:36:05 +0000 +0000,0,Ivan
transaction-139,stock_in,2020-02-21 16:38:01 +0000 +0000,2020-02-21 16:38:01 +0000 +0000,0,Ivan
transaction-140,stock_in,2020-02-21 16:39:41 +0000 +0000,2020-02-21 16:39:41 +0000 +0000,0,Ivan
transaction-141,stock_in,2020-02-21 16:43:32 +0000 +0000,2020-02-21 16:43:32 +0000 +0000,0,Ivan
transaction-142,stock_in,2020-02-21 16:44:48 +0000 +0000,2020-02-21 16:44:48 +0000 +0000,0,Ivan
transaction-143,stock_in,2020-02-21 16:46:23 +0000 +0000,2020-02-21 16:46:23 +0000 +0000,0,Ivan
transaction-144,stock_in,2020-02-21 16:47:07 +0000 +0000,2020-02-21 16:47:07 +0000 +0000,0,Ivan
transaction-145,stock_in,2020-02-21 16:47:46 +0000 +0000,2020-02-21 16:47:46 +0000 +0000,0,Ivan
transaction-146,stock_in,2020-02-21 16:48:16 +0000 +0000,2020-02-21 16:48:16 +0000 +0000,0,Ivan
transaction-147,stock_in,2020-02-21 16:48:40 +0000 +0000,2020-02-21 16:48:40 +0000 +0000,0,Ivan
transaction-148,stock_in,2020-02-21 16:49:52 +0000 +0000,2020-02-21 16:49:52 +0000 +0000,0,Ivan
transaction-149,stock_in,2020-02-21 16:51:58 +0000 +0000,2020-02-21 16:51:58 +0000 +0000,0,Ivan
transaction-150,stock_in,2020-02-21 16:53:24 +0000 +0000,2020-02-21 16:53:24 +0000 +0000,0,Ivan
transaction-151,stock_in,2020-02-21 16:54:39 +0000 +0000,2020-02-21 16:54:39 +0000 +0000,0,Ivan
transaction-152,stock_in,2020-02-21 17:06:38 +0000 +0000,2020-02-21 17:06:38 +0000 +0000,0,Ivan
transaction-153,stock_in,2020-02-21 17:07:17 +0000 +0000,2020-02-21 17:07:17 +0000 +0000,0,Ivan
transaction-154,stock_in,2020-02-22 02:07:56 +0000 +0000,2020-02-22 02:07:56 +0000 +0000,0,Fahre
transaction-155,stock_in,2020-02-22 02:47:51 +0000 +0000,2020-02-22 02:47:51 +0000 +0000,0,Fahre
transaction-156,sell,2020-02-22 02:48:24 +0000 +0000,2020-02-22 02:48:24 +0000 +0000,0,Fahre
transaction-157,stock_in,2020-02-22 02:56:39 +0000 +0000,2020-02-22 02:56:39 +0000 +0000,0,Fahre
transaction-158,stock_in,2020-02-22 02:57:15 +0000 +0000,2020-02-22 02:57:15 +0000 +0000,0,Fahre
transaction-159,stock_in,2020-02-22 02:57:48 +0000 +0000,2020-02-22 02:57:48 +0000 +0000,0,Fahre
transaction-160,stock_in,2020-02-22 02:58:00 +0000 +0000,2020-02-22 02:58:00 +0000 +0000,0,Fahre
transaction-161,sell,2020-02-22 02:59:36 +0000 +0000,2020-02-22 02:59:36 +0000 +0000,0,Fahre
transaction-162,sell,2020-02-22 03:00:46 +0000 +0000,2020-02-22 03:00:46 +0000 +0000,0,Fahre
transaction-163,stock_in,2020-02-22 03:07:13 +0000 +0000,2020-02-22 03:07:13 +0000 +0000,0,Fahre
transaction-164,sell,2020-02-22 03:13:25 +0000 +0000,2020-02-22 03:13:25 +0000 +0000,0,Fahre
transaction-165,sell,2020-02-22 03:35:14 +0000 +0000,2020-02-22 03:35:14 +0000 +0000,0,Fahre
transaction-166,sell,2020-02-22 03:38:23 +0000 +0000,2020-02-22 03:38:23 +0000 +0000,0,Fahre
transaction-167,stock_in,2020-02-22 03:43:05 +0000 +0000,2020-02-22 03:43:05 +0000 +0000,0,Fahre
transaction-168,sell,2020-02-22 03:43:53 +0000 +0000,2020-02-22 03:43:53 +0000 +0000,0,Fahre
transaction-169,sell,2020-02-22 03:45:21 +0000 +0000,2020-02-22 03:45:21 +0000 +0000,0,Fahre
transaction-170,sell,2020-02-22 03:47:46 +0000 +0000,2020-02-22 03:47:46 +0000 +0000,0,Fahre
transaction-171,sell,2020-02-22 03:48:44 +0000 +0000,2020-02-22 03:48:44 +0000 +0000,0,Fahre
transaction-172,sell,2020-02-22 03:59:23 +0000 +0000,2020-02-22 03:59:23 +0000 +0000,0,Fahre
transaction-173,sell,2020-02-22 04:01:39 +0000 +0000,2020-02-22 04:01:39 +0000 +0000,0,Fahre
transaction-174,sell,2020-02-22 04:04:54 +0000 +0000,2020-02-22 04:04:54 +0000 +0000,0,Fahre
transaction-175,sell,2020-02-22 04:09:37 +0000 +0000,2020-02-22 04:09:37 +0000 +0000,0,Fahre
transaction-178,sell,2020-02-22 04:19:11 +0000 +0000,2020-02-22 04:19:11 +0000 +0000,0,Fahre
transaction-179,sell,2020-02-22 04:23:55 +0000 +0000,2020-02-22 04:23:55 +0000 +0000,0,Fahre
transaction-180,sell,2020-02-22 04:28:03 +0000 +0000,2020-02-22 04:28:03 +0000 +0000,45000,Fahre
transaction-181,sell,2020-02-22 04:31:25 +0000 +0000,2020-02-22 04:31:25 +0000 +0000,45000,Fahre
transaction-182,sell,2020-02-22 04:41:17 +0000 +0000,2020-02-22 04:41:17 +0000 +0000,0,Fahre
transaction-184,sell,2020-02-22 04:43:39 +0000 +0000,2020-02-22 04:43:39 +0000 +0000,1,Fahre
transaction-185,sell,2020-02-22 04:46:14 +0000 +0000,2020-02-22 04:46:14 +0000 +0000,0,Fahre
transaction-186,sell,2020-02-22 04:50:23 +0000 +0000,2020-02-22 04:50:23 +0000 +0000,0,Fahre
transaction-187,sell,2020-02-22 04:54:27 +0000 +0000,2020-02-22 04:54:27 +0000 +0000,0,Fahre
transaction-188,sell,2020-02-22 04:57:00 +0000 +0000,2020-02-22 04:57:00 +0000 +0000,0,Fahre
transaction-189,sell,2020-02-22 05:03:11 +0000 +0000,2020-02-22 05:03:11 +0000 +0000,0,Fahre
transaction-190,sell,2020-02-22 05:13:32 +0000 +0000,2020-02-22 05:13:32 +0000 +0000,1,Fahre
transaction-191,sell,2020-02-22 05:18:32 +0000 +0000,2020-02-22 05:18:32 +0000 +0000,0,Fahre
transaction-192,sell,2020-02-22 05:21:59 +0000 +0000,2020-02-22 05:21:59 +0000 +0000,0,Fahre
transaction-193,sell,2020-02-22 05:24:14 +0000 +0000,2020-02-22 05:24:14 +0000 +0000,0,Fahre
transaction-194,sell,2020-02-22 05:28:03 +0000 +0000,2020-02-22 05:28:03 +0000 +0000,15000,Fahre
transaction-195,stock_in,2020-02-22 05:29:45 +0000 +0000,2020-02-22 05:29:45 +0000 +0000,0,Fahre
transaction-196,sell,2020-02-22 05:30:41 +0000 +0000,2020-02-22 05:30:41 +0000 +0000,1,Fahre
transaction-197,sell,2020-02-22 05:31:36 +0000 +0000,2020-02-22 05:31:36 +0000 +0000,0,Fahre
transaction-198,sell,2020-02-22 05:33:27 +0000 +0000,2020-02-22 05:33:27 +0000 +0000,0,Fahre
transaction-199,sell,2020-02-22 05:36:00 +0000 +0000,2020-02-22 05:36:00 +0000 +0000,0,Fahre
transaction-200,sell,2020-02-22 05:37:07 +0000 +0000,2020-02-22 05:37:07 +0000 +0000,0,Fahre
transaction-201,sell,2020-02-22 05:41:19 +0000 +0000,2020-02-22 05:41:19 +0000 +0000,0,Fahre
transaction-202,sell,2020-02-22 05:42:22 +0000 +0000,2020-02-22 05:42:22 +0000 +0000,0,Fahre
transaction-203,sell,2020-02-22 05:43:59 +0000 +0000,2020-02-22 05:43:59 +0000 +0000,1,Fahre
transaction-204,sell,2020-02-22 05:44:29 +0000 +0000,2020-02-22 05:44:29 +0000 +0000,0,Fahre
transaction-205,sell,2020-02-22 05:46:37 +0000 +0000,2020-02-22 05:46:37 +0000 +0000,0,Fahre
transaction-206,sell,2020-02-22 05:48:37 +0000 +0000,2020-02-22 05:48:37 +0000 +0000,1,Fahre
transaction-207,sell,2020-02-22 05:49:52 +0000 +0000,2020-02-22 05:49:52 +0000 +0000,0,Fahre
transaction-208,sell,2020-02-22 05:49:59 +0000 +0000,2020-02-22 05:49:59 +0000 +0000,0,Fahre
transaction-209,sell,2020-02-22 05:52:22 +0000 +0000,2020-02-22 05:52:22 +0000 +0000,0,Fahre
transaction-210,sell,2020-02-22 05:54:35 +0000 +0000,2020-02-22 05:54:35 +0000 +0000,0,Fahre
transaction-211,sell,2020-02-22 05:57:42 +0000 +0000,2020-02-22 05:57:42 +0000 +0000,0,Fahre
transaction-213,sell,2020-02-22 06:03:54 +0000 +0000,2020-02-22 06:03:54 +0000 +0000,50000,Fahre
transaction-214,sell,2020-02-22 06:05:09 +0000 +0000,2020-02-22 06:05:09 +0000 +0000,0,Fahre
transaction-215,stock_in,2020-02-22 06:07:28 +0000 +0000,2020-02-22 06:07:28 +0000 +0000,0,Fahre
transaction-216,stock_in,2020-02-22 06:07:53 +0000 +0000,2020-02-22 06:07:53 +0000 +0000,0,Fahre
transaction-218,sell,2020-02-22 06:08:21 +0000 +0000,2020-02-22 06:08:21 +0000 +0000,1,Fahre
transaction-219,sell,2020-02-22 06:08:59 +0000 +0000,2020-02-22 06:08:59 +0000 +0000,0,Fahre
transaction-220,sell,2020-02-22 06:09:15 +0000 +0000,2020-02-22 06:09:15 +0000 +0000,0,Fahre
transaction-221,sell,2020-02-22 06:09:23 +0000 +0000,2020-02-22 06:09:23 +0000 +0000,1,Fahre
transaction-222,stock_in,2020-02-22 06:25:05 +0000 +0000,2020-02-22 06:25:05 +0000 +0000,0,Fahre
transaction-223,sell,2020-02-22 06:25:33 +0000 +0000,2020-02-22 06:25:33 +0000 +0000,0,Fahre
transaction-224,sell,2020-02-22 06:26:45 +0000 +0000,2020-02-22 06:26:45 +0000 +0000,0,Fahre
transaction-225,sell,2020-02-22 06:27:09 +0000 +0000,2020-02-22 06:27:09 +0000 +0000,0,Fahre
transaction-226,sell,2020-02-22 06:27:41 +0000 +0000,2020-02-22 06:27:41 +0000 +0000,1,Fahre
transaction-227,sell,2020-02-22 06:32:26 +0000 +0000,2020-02-22 06:32:26 +0000 +0000,0,Fahre
transaction-228,sell,2020-02-22 06:36:20 +0000 +0000,2020-02-22 06:36:20 +0000 +0000,0,Fahre
transaction-229,sell,2020-02-22 06:37:42 +0000 +0000,2020-02-22 06:37:42 +0000 +0000,0,Fahre
transaction-230,sell,2020-02-22 06:38:36 +0000 +0000,2020-02-22 06:38:36 +0000 +0000,1,Fahre
transaction-231,sell,2020-02-22 06:44:14 +0000 +0000,2020-02-22 06:44:14 +0000 +0000,0,Fahre
transaction-232,sell,2020-02-22 06:45:05 +0000 +0000,2020-02-22 06:45:05 +0000 +0000,0,Fahre
transaction-233,sell,2020-02-22 06:49:14 +0000 +0000,2020-02-22 06:49:14 +0000 +0000,0,Fahre
transaction-234,sell,2020-02-22 06:51:54 +0000 +0000,2020-02-22 06:51:54 +0000 +0000,0,Fahre
transaction-235,sell,2020-02-22 06:52:49 +0000 +0000,2020-02-22 06:52:49 +0000 +0000,0,Fahre
transaction-241,sell,2020-02-22 07:05:56 +0000 +0000,2020-02-22 07:05:56 +0000 +0000,0,Fahre
transaction-253,sell,2020-02-22 07:26:48 +0000 +0000,2020-02-22 07:26:48 +0000 +0000,0,Fahre
transaction-236,sell,2020-02-22 06:52:55 +0000 +0000,2020-02-22 06:52:55 +0000 +0000,0,Fahre
transaction-239,sell,2020-02-22 07:02:46 +0000 +0000,2020-02-22 07:02:46 +0000 +0000,0,Fahre
transaction-248,sell,2020-02-22 07:21:56 +0000 +0000,2020-02-22 07:21:56 +0000 +0000,1,Fahre
transaction-255,sell,2020-02-22 07:29:53 +0000 +0000,2020-02-22 07:29:53 +0000 +0000,0,Fahre
transaction-237,sell,2020-02-22 06:54:52 +0000 +0000,2020-02-22 06:54:52 +0000 +0000,0,Fahre
transaction-242,sell,2020-02-22 07:06:26 +0000 +0000,2020-02-22 07:06:26 +0000 +0000,0,Fahre
transaction-254,sell,2020-02-22 07:27:07 +0000 +0000,2020-02-22 07:27:07 +0000 +0000,0,Fahre
transaction-258,sell,2020-02-22 07:35:07 +0000 +0000,2020-02-22 07:35:07 +0000 +0000,0,Fahre
transaction-238,sell,2020-02-22 06:58:52 +0000 +0000,2020-02-22 06:58:52 +0000 +0000,0,Fahre
transaction-250,sell,2020-02-22 07:23:33 +0000 +0000,2020-02-22 07:23:33 +0000 +0000,1,Fahre
transaction-240,sell,2020-02-22 07:03:50 +0000 +0000,2020-02-22 07:03:50 +0000 +0000,0,Fahre
transaction-249,sell,2020-02-22 07:22:33 +0000 +0000,2020-02-22 07:22:33 +0000 +0000,0,Fahre
transaction-251,sell,2020-02-22 07:24:34 +0000 +0000,2020-02-22 07:24:34 +0000 +0000,0,Fahre
transaction-252,sell,2020-02-22 07:25:41 +0000 +0000,2020-02-22 07:25:41 +0000 +0000,0,Fahre
transaction-256,sell,2020-02-22 07:31:26 +0000 +0000,2020-02-22 07:31:26 +0000 +0000,0,Fahre
transaction-244,stock_in,2020-02-22 07:11:29 +0000 +0000,2020-02-22 07:11:29 +0000 +0000,0,Fahre
transaction-247,sell,2020-02-22 07:19:38 +0000 +0000,2020-02-22 07:19:38 +0000 +0000,0,Fahre
transaction-246,sell,2020-02-22 07:13:34 +0000 +0000,2020-02-22 07:13:34 +0000 +0000,0,Fahre
transaction-257,sell,2020-02-22 07:32:21 +0000 +0000,2020-02-22 07:32:21 +0000 +0000,1,Fahre
transaction-259,sell,2020-02-22 07:38:50 +0000 +0000,2020-02-22 07:38:50 +0000 +0000,0,Fahre
transaction-260,stock_in,2020-02-22 07:42:26 +0000 +0000,2020-02-22 07:42:26 +0000 +0000,0,Fahre
transaction-261,sell,2020-02-22 07:43:05 +0000 +0000,2020-02-22 07:43:05 +0000 +0000,0,Fahre
transaction-262,sell,2020-02-22 07:43:44 +0000 +0000,2020-02-22 07:43:44 +0000 +0000,0,Fahre
transaction-263,sell,2020-02-22 07:48:24 +0000 +0000,2020-02-22 07:48:24 +0000 +0000,0,Nopal
transaction-264,sell,2020-02-22 07:49:01 +0000 +0000,2020-02-22 07:49:01 +0000 +0000,0,Nopal
transaction-265,sell,2020-02-22 07:54:22 +0000 +0000,2020-02-22 07:54:22 +0000 +0000,0,Nopal
transaction-266,sell,2020-02-22 07:56:00 +0000 +0000,2020-02-22 07:56:00 +0000 +0000,0,Nopal
transaction-267,sell,2020-02-22 07:58:03 +0000 +0000,2020-02-22 07:58:03 +0000 +0000,0,Nopal
transaction-268,sell,2020-02-22 08:04:32 +0000 +0000,2020-02-22 08:04:32 +0000 +0000,0,Nopal
transaction-269,sell,2020-02-22 08:10:12 +0000 +0000,2020-02-22 08:10:12 +0000 +0000,0,Nopal
transaction-270,sell,2020-02-22 08:10:48 +0000 +0000,2020-02-22 08:10:48 +0000 +0000,0,Nopal
transaction-271,sell,2020-02-22 08:21:36 +0000 +0000,2020-02-22 08:21:36 +0000 +0000,0,Nopal
transaction-272,sell,2020-02-22 08:22:34 +0000 +0000,2020-02-22 08:22:34 +0000 +0000,0,Nopal
transaction-273,sell,2020-02-22 08:25:30 +0000 +0000,2020-02-22 08:25:30 +0000 +0000,0,Nopal
transaction-274,sell,2020-02-22 08:27:55 +0000 +0000,2020-02-22 08:27:55 +0000 +0000,0,Nopal
transaction-275,sell,2020-02-22 08:32:15 +0000 +0000,2020-02-22 08:32:15 +0000 +0000,0,Nopal
transaction-276,sell,2020-02-22 08:32:26 +0000 +0000,2020-02-22 08:32:26 +0000 +0000,0,Nopal
transaction-277,sell,2020-02-22 08:35:14 +0000 +0000,2020-02-22 08:35:14 +0000 +0000,0,Nopal
transaction-278,sell,2020-02-22 08:35:34 +0000 +0000,2020-02-22 08:35:34 +0000 +0000,0,Nopal
transaction-279,sell,2020-02-22 08:36:46 +0000 +0000,2020-02-22 08:36:46 +0000 +0000,0,Nopal
transaction-280,sell,2020-02-22 08:38:11 +0000 +0000,2020-02-22 08:38:11 +0000 +0000,1,Fahre
transaction-281,sell,2020-02-22 08:39:17 +0000 +0000,2020-02-22 08:39:17 +0000 +0000,0,Fahre
transaction-282,sell,2020-02-22 08:39:53 +0000 +0000,2020-02-22 08:39:53 +0000 +0000,0,Fahre
transaction-283,sell,2020-02-22 08:42:35 +0000 +0000,2020-02-22 08:42:35 +0000 +0000,0,Fahre
transaction-284,sell,2020-02-22 08:46:59 +0000 +0000,2020-02-22 08:46:59 +0000 +0000,0,Fahre
transaction-285,stock_in,2020-02-22 08:48:17 +0000 +0000,2020-02-22 08:48:17 +0000 +0000,0,Fahre
transaction-286,sell,2020-02-22 08:48:37 +0000 +0000,2020-02-22 08:48:37 +0000 +0000,0,Fahre
transaction-287,sell,2020-02-22 08:49:50 +0000 +0000,2020-02-22 08:49:50 +0000 +0000,0,Fahre
transaction-288,sell,2020-02-22 08:56:13 +0000 +0000,2020-02-22 08:56:13 +0000 +0000,0,Fahre
transaction-289,sell,2020-02-22 08:57:57 +0000 +0000,2020-02-22 08:57:57 +0000 +0000,0,Fahre
transaction-290,sell,2020-02-22 09:09:17 +0000 +0000,2020-02-22 09:09:17 +0000 +0000,0,Fahre
transaction-291,sell,2020-02-22 09:16:46 +0000 +0000,2020-02-22 09:16:46 +0000 +0000,5000,Fahre
transaction-292,sell,2020-02-22 09:16:55 +0000 +0000,2020-02-22 09:16:55 +0000 +0000,0,Fahre
transaction-293,sell,2020-02-22 09:17:56 +0000 +0000,2020-02-22 09:17:56 +0000 +0000,0,Fahre
transaction-294,sell,2020-02-22 09:19:38 +0000 +0000,2020-02-22 09:19:38 +0000 +0000,0,Fahre
transaction-295,sell,2020-02-22 09:21:41 +0000 +0000,2020-02-22 09:21:41 +0000 +0000,0,Fahre
transaction-296,sell,2020-02-22 09:22:39 +0000 +0000,2020-02-22 09:22:39 +0000 +0000,0,Fahre
transaction-297,sell,2020-02-22 09:23:57 +0000 +0000,2020-02-22 09:23:57 +0000 +0000,0,Fahre
transaction-298,sell,2020-02-22 09:24:59 +0000 +0000,2020-02-22 09:24:59 +0000 +0000,0,Fahre
transaction-299,sell,2020-02-22 09:25:15 +0000 +0000,2020-02-22 09:25:15 +0000 +0000,0,Fahre
transaction-300,sell,2020-02-22 09:25:43 +0000 +0000,2020-02-22 09:25:43 +0000 +0000,0,Fahre
transaction-301,stock_in,2020-02-22 09:27:39 +0000 +0000,2020-02-22 09:27:39 +0000 +0000,0,Fahre
transaction-302,sell,2020-02-22 09:28:03 +0000 +0000,2020-02-22 09:28:03 +0000 +0000,0,Fahre
transaction-303,sell,2020-02-22 09:37:27 +0000 +0000,2020-02-22 09:37:27 +0000 +0000,0,Fahre
transaction-304,sell,2020-02-22 09:41:01 +0000 +0000,2020-02-22 09:41:01 +0000 +0000,0,Fahre
transaction-305,sell,2020-02-22 09:41:09 +0000 +0000,2020-02-22 09:41:09 +0000 +0000,0,Fahre
transaction-306,sell,2020-02-22 09:44:32 +0000 +0000,2020-02-22 09:44:32 +0000 +0000,0,Fahre
transaction-307,sell,2020-02-22 09:45:18 +0000 +0000,2020-02-22 09:45:18 +0000 +0000,0,Fahre
transaction-308,sell,2020-02-22 09:47:19 +0000 +0000,2020-02-22 09:47:19 +0000 +0000,0,Fahre
transaction-309,sell,2020-02-22 09:48:37 +0000 +0000,2020-02-22 09:48:37 +0000 +0000,0,Fahre
transaction-310,sell,2020-02-22 09:51:12 +0000 +0000,2020-02-22 09:51:12 +0000 +0000,0,Fahre
transaction-311,sell,2020-02-22 09:52:44 +0000 +0000,2020-02-22 09:52:44 +0000 +0000,0,Fahre
transaction-312,sell,2020-02-22 09:52:58 +0000 +0000,2020-02-22 09:52:58 +0000 +0000,0,Fahre
transaction-313,sell,2020-02-22 09:53:22 +0000 +0000,2020-02-22 09:53:22 +0000 +0000,0,Fahre
transaction-314,sell,2020-02-22 09:54:53 +0000 +0000,2020-02-22 09:54:53 +0000 +0000,0,Fahre
transaction-315,sell,2020-02-22 09:56:32 +0000 +0000,2020-02-22 09:56:32 +0000 +0000,0,Fahre
transaction-316,sell,2020-02-22 09:56:57 +0000 +0000,2020-02-22 09:56:57 +0000 +0000,0,Fahre
transaction-317,sell,2020-02-22 09:57:33 +0000 +0000,2020-02-22 09:57:33 +0000 +0000,1,Fahre
transaction-318,sell,2020-02-22 09:59:36 +0000 +0000,2020-02-22 09:59:36 +0000 +0000,0,Fahre
transaction-319,sell,2020-02-22 10:01:43 +0000 +0000,2020-02-22 10:01:43 +0000 +0000,0,Fahre
transaction-320,sell,2020-02-22 10:02:50 +0000 +0000,2020-02-22 10:02:50 +0000 +0000,0,Fahre
transaction-321,sell,2020-02-22 10:04:49 +0000 +0000,2020-02-22 10:04:49 +0000 +0000,0,Fahre
transaction-322,sell,2020-02-22 10:13:49 +0000 +0000,2020-02-22 10:13:49 +0000 +0000,0,Fahre
transaction-323,sell,2020-02-22 10:16:53 +0000 +0000,2020-02-22 10:16:53 +0000 +0000,0,Fahre
transaction-324,sell,2020-02-22 10:20:20 +0000 +0000,2020-02-22 10:20:20 +0000 +0000,0,Fahre
transaction-325,sell,2020-02-22 10:22:22 +0000 +0000,2020-02-22 10:22:22 +0000 +0000,0,Fahre
transaction-326,stock_in,2020-02-22 10:22:44 +0000 +0000,2020-02-22 10:22:44 +0000 +0000,0,Fahre
transaction-327,sell,2020-02-22 10:23:31 +0000 +0000,2020-02-22 10:23:31 +0000 +0000,0,Fahre
transaction-328,sell,2020-02-22 10:27:45 +0000 +0000,2020-02-22 10:27:45 +0000 +0000,0,Fahre
transaction-329,sell,2020-02-22 10:30:33 +0000 +0000,2020-02-22 10:30:33 +0000 +0000,0,Fahre
transaction-330,sell,2020-02-22 10:33:54 +0000 +0000,2020-02-22 10:33:54 +0000 +0000,0,Fahre
transaction-331,sell,2020-02-23 01:30:07 +0000 +0000,2020-02-23 01:30:07 +0000 +0000,0,Fahre
transaction-332,sell,2020-02-23 02:44:47 +0000 +0000,2020-02-23 02:44:47 +0000 +0000,0,Fahre
transaction-333,sell,2020-02-23 02:46:44 +0000 +0000,2020-02-23 02:46:44 +0000 +0000,0,Fahre
transaction-334,sell,2020-02-23 02:50:20 +0000 +0000,2020-02-23 02:50:20 +0000 +0000,0,Fahre
transaction-335,sell,2020-02-23 03:00:57 +0000 +0000,2020-02-23 03:00:57 +0000 +0000,0,Fahre
transaction-336,sell,2020-02-23 03:01:08 +0000 +0000,2020-02-23 03:01:08 +0000 +0000,0,Fahre
transaction-337,sell,2020-02-23 03:02:57 +0000 +0000,2020-02-23 03:02:57 +0000 +0000,0,Fahre
transaction-338,sell,2020-02-23 03:05:13 +0000 +0000,2020-02-23 03:05:13 +0000 +0000,45000,Fahre
transaction-339,sell,2020-02-23 03:06:37 +0000 +0000,2020-02-23 03:06:37 +0000 +0000,0,Fahre
transaction-340,sell,2020-02-23 03:09:55 +0000 +0000,2020-02-23 03:09:55 +0000 +0000,0,Fahre
transaction-341,sell,2020-02-23 03:12:39 +0000 +0000,2020-02-23 03:12:39 +0000 +0000,0,Fahre
transaction-342,sell,2020-02-23 03:15:56 +0000 +0000,2020-02-23 03:15:56 +0000 +0000,0,Fahre
transaction-343,sell,2020-02-23 03:21:27 +0000 +0000,2020-02-23 03:21:27 +0000 +0000,0,Fahre
transaction-344,sell,2020-02-23 03:29:41 +0000 +0000,2020-02-23 03:29:41 +0000 +0000,95000,Fahre
transaction-345,sell,2020-02-23 03:30:11 +0000 +0000,2020-02-23 03:30:11 +0000 +0000,0,Fahre
transaction-346,sell,2020-02-23 03:30:25 +0000 +0000,2020-02-23 03:30:25 +0000 +0000,0,Fahre
transaction-347,sell,2020-02-23 03:38:09 +0000 +0000,2020-02-23 03:38:09 +0000 +0000,0,Fahre
transaction-348,stock_in,2020-02-23 03:40:20 +0000 +0000,2020-02-23 03:40:20 +0000 +0000,0,Fahre
transaction-350,sell,2020-02-23 03:40:56 +0000 +0000,2020-02-23 03:40:56 +0000 +0000,0,Fahre
transaction-351,sell,2020-02-23 03:42:49 +0000 +0000,2020-02-23 03:42:49 +0000 +0000,0,Fahre
transaction-352,sell,2020-02-23 03:43:22 +0000 +0000,2020-02-23 03:43:22 +0000 +0000,0,Fahre
transaction-353,sell,2020-02-23 03:44:18 +0000 +0000,2020-02-23 03:44:18 +0000 +0000,0,Fahre
transaction-354,sell,2020-02-23 03:49:24 +0000 +0000,2020-02-23 03:49:24 +0000 +0000,0,Fahre
transaction-355,sell,2020-02-23 03:49:31 +0000 +0000,2020-02-23 03:49:31 +0000 +0000,0,Fahre
transaction-356,sell,2020-02-23 03:52:14 +0000 +0000,2020-02-23 03:52:14 +0000 +0000,0,Fahre
transaction-357,sell,2020-02-23 04:00:15 +0000 +0000,2020-02-23 04:00:15 +0000 +0000,0,Fahre
transaction-358,sell,2020-02-23 04:00:27 +0000 +0000,2020-02-23 04:00:27 +0000 +0000,0,Fahre
transaction-361,sell,2020-02-23 04:13:35 +0000 +0000,2020-02-23 04:13:35 +0000 +0000,0,Fahre
transaction-379,sell,2020-02-23 05:31:08 +0000 +0000,2020-02-23 05:31:08 +0000 +0000,1,Fahre
transaction-381,stock_in,2020-02-23 05:36:05 +0000 +0000,2020-02-23 05:36:05 +0000 +0000,0,Fahre
transaction-406,sell,2020-02-23 06:48:12 +0000 +0000,2020-02-23 06:48:12 +0000 +0000,0,Fahre
transaction-359,stock_in,2020-02-23 04:04:09 +0000 +0000,2020-02-23 04:04:09 +0000 +0000,0,Fahre
transaction-385,sell,2020-02-23 05:38:57 +0000 +0000,2020-02-23 05:38:57 +0000 +0000,1,Fahre
transaction-386,sell,2020-02-23 05:43:52 +0000 +0000,2020-02-23 05:43:52 +0000 +0000,1,Fahre
transaction-393,sell,2020-02-23 06:02:08 +0000 +0000,2020-02-23 06:02:08 +0000 +0000,0,Fahre
transaction-360,sell,2020-02-23 04:04:27 +0000 +0000,2020-02-23 04:04:27 +0000 +0000,0,Fahre
transaction-362,sell,2020-02-23 04:15:31 +0000 +0000,2020-02-23 04:15:31 +0000 +0000,0,Fahre
transaction-375,sell,2020-02-23 05:21:35 +0000 +0000,2020-02-23 05:21:35 +0000 +0000,0,Fahre
transaction-377,sell,2020-02-23 05:22:13 +0000 +0000,2020-02-23 05:22:13 +0000 +0000,0,Fahre
transaction-395,sell,2020-02-23 06:05:39 +0000 +0000,2020-02-23 06:05:39 +0000 +0000,0,Fahre
transaction-405,sell,2020-02-23 06:44:31 +0000 +0000,2020-02-23 06:44:31 +0000 +0000,0,Fahre
transaction-363,sell,2020-02-23 04:21:07 +0000 +0000,2020-02-23 04:21:07 +0000 +0000,0,Fahre
transaction-368,sell,2020-02-23 05:01:30 +0000 +0000,2020-02-23 05:01:30 +0000 +0000,0,Fahre
transaction-370,sell,2020-02-23 05:02:02 +0000 +0000,2020-02-23 05:02:02 +0000 +0000,0,Fahre
transaction-371,sell,2020-02-23 05:05:54 +0000 +0000,2020-02-23 05:05:54 +0000 +0000,0,Fahre
transaction-374,stock_in,2020-02-23 05:21:06 +0000 +0000,2020-02-23 05:21:06 +0000 +0000,0,Fahre
transaction-404,sell,2020-02-23 06:36:11 +0000 +0000,2020-02-23 06:36:11 +0000 +0000,0,Fahre
transaction-364,sell,2020-02-23 04:29:04 +0000 +0000,2020-02-23 04:29:04 +0000 +0000,0,Fahre
transaction-365,sell,2020-02-23 04:33:14 +0000 +0000,2020-02-23 04:33:14 +0000 +0000,0,Fahre
transaction-378,sell,2020-02-23 05:29:51 +0000 +0000,2020-02-23 05:29:51 +0000 +0000,0,Fahre
transaction-384,sell,2020-02-23 05:38:14 +0000 +0000,2020-02-23 05:38:14 +0000 +0000,45000,Fahre
transaction-388,sell,2020-02-23 05:45:18 +0000 +0000,2020-02-23 05:45:18 +0000 +0000,0,Fahre
transaction-390,sell,2020-02-23 05:51:44 +0000 +0000,2020-02-23 05:51:44 +0000 +0000,0,Fahre
transaction-401,sell,2020-02-23 06:33:43 +0000 +0000,2020-02-23 06:33:43 +0000 +0000,0,Fahre
transaction-403,sell,2020-02-23 06:34:14 +0000 +0000,2020-02-23 06:34:14 +0000 +0000,0,Fahre
transaction-366,sell,2020-02-23 04:48:57 +0000 +0000,2020-02-23 04:48:57 +0000 +0000,0,Fahre
transaction-367,sell,2020-02-23 05:00:54 +0000 +0000,2020-02-23 05:00:54 +0000 +0000,0,Fahre
transaction-373,sell,2020-02-23 05:11:54 +0000 +0000,2020-02-23 05:11:54 +0000 +0000,0,Fahre
transaction-380,sell,2020-02-23 05:33:52 +0000 +0000,2020-02-23 05:33:52 +0000 +0000,0,Fahre
transaction-382,sell,2020-02-23 05:36:15 +0000 +0000,2020-02-23 05:36:15 +0000 +0000,0,Fahre
transaction-389,sell,2020-02-23 05:50:42 +0000 +0000,2020-02-23 05:50:42 +0000 +0000,0,Fahre
transaction-392,sell,2020-02-23 05:53:37 +0000 +0000,2020-02-23 05:53:37 +0000 +0000,0,Fahre
transaction-394,sell,2020-02-23 06:05:26 +0000 +0000,2020-02-23 06:05:26 +0000 +0000,0,Fahre
transaction-398,sell,2020-02-23 06:18:55 +0000 +0000,2020-02-23 06:18:55 +0000 +0000,0,Fahre
transaction-402,sell,2020-02-23 06:34:03 +0000 +0000,2020-02-23 06:34:03 +0000 +0000,0,Fahre
transaction-369,sell,2020-02-23 05:01:52 +0000 +0000,2020-02-23 05:01:52 +0000 +0000,0,Fahre
transaction-383,sell,2020-02-23 05:36:33 +0000 +0000,2020-02-23 05:36:33 +0000 +0000,400000,Fahre
transaction-387,sell,2020-02-23 05:44:02 +0000 +0000,2020-02-23 05:44:02 +0000 +0000,0,Fahre
transaction-408,sell,2020-02-23 06:54:40 +0000 +0000,2020-02-23 06:54:40 +0000 +0000,0,Fahre
transaction-372,sell,2020-02-23 05:06:37 +0000 +0000,2020-02-23 05:06:37 +0000 +0000,0,Fahre
transaction-391,sell,2020-02-23 05:53:08 +0000 +0000,2020-02-23 05:53:08 +0000 +0000,0,Fahre
transaction-396,sell,2020-02-23 06:09:51 +0000 +0000,2020-02-23 06:09:51 +0000 +0000,0,Fahre
transaction-399,sell,2020-02-23 06:20:37 +0000 +0000,2020-02-23 06:20:37 +0000 +0000,0,Fahre
transaction-397,sell,2020-02-23 06:12:14 +0000 +0000,2020-02-23 06:12:14 +0000 +0000,0,Fahre
transaction-400,sell,2020-02-23 06:21:28 +0000 +0000,2020-02-23 06:21:28 +0000 +0000,0,Fahre
transaction-409,sell,2020-02-23 07:16:43 +0000 +0000,2020-02-23 07:16:43 +0000 +0000,0,Ivan
transaction-410,sell,2020-02-23 07:25:20 +0000 +0000,2020-02-23 07:25:20 +0000 +0000,1,Ivan
transaction-411,sell,2020-02-23 07:27:47 +0000 +0000,2020-02-23 07:27:47 +0000 +0000,0,Ivan
transaction-412,sell,2020-02-23 07:33:17 +0000 +0000,2020-02-23 07:33:17 +0000 +0000,0,Ivan
transaction-413,sell,2020-02-23 07:36:04 +0000 +0000,2020-02-23 07:36:04 +0000 +0000,0,Ivan
transaction-414,sell,2020-02-23 07:36:52 +0000 +0000,2020-02-23 07:36:52 +0000 +0000,0,Ivan
transaction-415,sell,2020-02-23 07:37:21 +0000 +0000,2020-02-23 07:37:21 +0000 +0000,0,Ivan
transaction-417,sell,2020-02-23 07:46:07 +0000 +0000,2020-02-23 07:46:07 +0000 +0000,20000,Ivan
transaction-418,sell,2020-02-23 07:52:37 +0000 +0000,2020-02-23 07:52:37 +0000 +0000,10000,Ivan
transaction-419,stock_in,2020-02-23 07:53:09 +0000 +0000,2020-02-23 07:53:09 +0000 +0000,0,Ivan
transaction-420,stock_in,2020-02-23 08:07:38 +0000 +0000,2020-02-23 08:07:38 +0000 +0000,0,Ivan
transaction-421,sell,2020-02-23 08:22:36 +0000 +0000,2020-02-23 08:22:36 +0000 +0000,0,Ivan
transaction-422,sell,2020-02-23 08:31:36 +0000 +0000,2020-02-23 08:31:36 +0000 +0000,0,Ivan
transaction-423,sell,2020-02-23 08:35:50 +0000 +0000,2020-02-23 08:35:50 +0000 +0000,0,Ivan
transaction-424,sell,2020-02-23 08:44:15 +0000 +0000,2020-02-23 08:44:15 +0000 +0000,55000,Ivan
transaction-425,sell,2020-02-23 08:44:32 +0000 +0000,2020-02-23 08:44:32 +0000 +0000,1,Ivan
transaction-426,sell,2020-02-23 08:46:43 +0000 +0000,2020-02-23 08:46:43 +0000 +0000,0,Ivan
transaction-427,sell,2020-02-23 08:58:56 +0000 +0000,2020-02-23 08:58:56 +0000 +0000,50000,Ivan
transaction-428,sell,2020-02-23 09:02:02 +0000 +0000,2020-02-23 09:02:02 +0000 +0000,1,Ivan
transaction-429,sell,2020-02-23 09:02:17 +0000 +0000,2020-02-23 09:02:17 +0000 +0000,1,Fahre
transaction-430,sell,2020-02-23 09:05:15 +0000 +0000,2020-02-23 09:05:15 +0000 +0000,0,Fahre
transaction-431,sell,2020-02-23 09:05:44 +0000 +0000,2020-02-23 09:05:44 +0000 +0000,0,Fahre
transaction-432,sell,2020-02-23 09:11:25 +0000 +0000,2020-02-23 09:11:25 +0000 +0000,0,Fahre
transaction-433,sell,2020-02-23 09:12:04 +0000 +0000,2020-02-23 09:12:04 +0000 +0000,0,Fahre
transaction-434,sell,2020-02-23 09:13:58 +0000 +0000,2020-02-23 09:13:58 +0000 +0000,0,Fahre
transaction-435,sell,2020-02-23 09:14:08 +0000 +0000,2020-02-23 09:14:08 +0000 +0000,0,Fahre
transaction-436,sell,2020-02-23 09:17:54 +0000 +0000,2020-02-23 09:17:54 +0000 +0000,0,Fahre
transaction-437,sell,2020-02-23 09:19:35 +0000 +0000,2020-02-23 09:19:35 +0000 +0000,0,Fahre
transaction-438,sell,2020-02-23 09:25:53 +0000 +0000,2020-02-23 09:25:53 +0000 +0000,10000,Fahre
transaction-439,sell,2020-02-23 09:28:43 +0000 +0000,2020-02-23 09:28:43 +0000 +0000,0,Fahre
transaction-440,sell,2020-02-23 09:28:50 +0000 +0000,2020-02-23 09:28:50 +0000 +0000,0,Fahre
transaction-442,sell,2020-02-23 09:31:01 +0000 +0000,2020-02-23 09:31:01 +0000 +0000,15000,Fahre
transaction-443,sell,2020-02-23 09:33:41 +0000 +0000,2020-02-23 09:33:41 +0000 +0000,0,Fahre
transaction-444,sell,2020-02-23 09:39:41 +0000 +0000,2020-02-23 09:39:41 +0000 +0000,0,Fahre
transaction-445,sell,2020-02-23 09:43:24 +0000 +0000,2020-02-23 09:43:24 +0000 +0000,1,Fahre
transaction-446,sell,2020-02-23 09:43:48 +0000 +0000,2020-02-23 09:43:48 +0000 +0000,0,Fahre
transaction-447,sell,2020-02-23 09:45:13 +0000 +0000,2020-02-23 09:45:13 +0000 +0000,0,Fahre
transaction-448,sell,2020-02-23 09:47:31 +0000 +0000,2020-02-23 09:47:31 +0000 +0000,30000,Fahre
transaction-449,sell,2020-02-23 09:51:05 +0000 +0000,2020-02-23 09:51:05 +0000 +0000,0,Fahre
transaction-450,sell,2020-02-23 09:52:40 +0000 +0000,2020-02-23 09:52:40 +0000 +0000,1,Fahre
transaction-451,stock_in,2020-02-23 09:55:22 +0000 +0000,2020-02-23 09:55:22 +0000 +0000,0,Fahre
transaction-453,sell,2020-02-23 09:56:08 +0000 +0000,2020-02-23 09:56:08 +0000 +0000,0,Fahre
transaction-454,sell,2020-02-23 09:58:35 +0000 +0000,2020-02-23 09:58:35 +0000 +0000,0,Fahre
transaction-455,sell,2020-02-23 10:01:59 +0000 +0000,2020-02-23 10:01:59 +0000 +0000,30000,Fahre
transaction-456,sell,2020-02-23 10:03:34 +0000 +0000,2020-02-23 10:03:34 +0000 +0000,1,Fahre
transaction-457,sell,2020-02-23 10:03:39 +0000 +0000,2020-02-23 10:03:39 +0000 +0000,0,Fahre
transaction-458,sell,2020-02-23 10:06:13 +0000 +0000,2020-02-23 10:06:13 +0000 +0000,30000,Fahre
transaction-459,sell,2020-02-23 10:11:45 +0000 +0000,2020-02-23 10:11:45 +0000 +0000,1,Fahre
transaction-460,sell,2020-02-23 10:13:09 +0000 +0000,2020-02-23 10:13:09 +0000 +0000,50000,Fahre
transaction-461,stock_in,2020-02-23 10:14:53 +0000 +0000,2020-02-23 10:14:53 +0000 +0000,0,Fahre
transaction-462,sell,2020-02-23 10:18:00 +0000 +0000,2020-02-23 10:18:00 +0000 +0000,1,Ivan
transaction-463,sell,2020-02-23 10:19:06 +0000 +0000,2020-02-23 10:19:06 +0000 +0000,1,Fahre
transaction-464,sell,2020-02-23 10:20:10 +0000 +0000,2020-02-23 10:20:10 +0000 +0000,50000,Ivan
transaction-466,sell,2020-02-23 10:23:20 +0000 +0000,2020-02-23 10:23:20 +0000 +0000,1,Fahre
transaction-467,sell,2020-02-23 10:28:47 +0000 +0000,2020-02-23 10:28:47 +0000 +0000,1,Fahre
transaction-468,sell,2020-02-23 10:30:01 +0000 +0000,2020-02-23 10:30:01 +0000 +0000,50000,Fahre
transaction-469,sell,2020-02-23 10:31:39 +0000 +0000,2020-02-23 10:31:39 +0000 +0000,0,Fahre
transaction-470,sell,2020-02-23 10:33:44 +0000 +0000,2020-02-23 10:33:44 +0000 +0000,1,Fahre
transaction-471,sell,2020-02-23 10:34:58 +0000 +0000,2020-02-23 10:34:58 +0000 +0000,1,Fahre
transaction-472,sell,2020-02-23 10:36:56 +0000 +0000,2020-02-23 10:36:56 +0000 +0000,1,Fahre
transaction-473,sell,2020-02-23 10:38:39 +0000 +0000,2020-02-23 10:38:39 +0000 +0000,1,Fahre
transaction-474,sell,2020-02-23 10:42:41 +0000 +0000,2020-02-23 10:42:41 +0000 +0000,4,Fahre
transaction-475,sell,2020-02-23 10:43:34 +0000 +0000,2020-02-23 10:43:34 +0000 +0000,1,Fahre
transaction-476,sell,2020-02-23 10:44:52 +0000 +0000,2020-02-23 10:44:52 +0000 +0000,0,Fahre
transaction-477,sell,2020-02-23 10:47:30 +0000 +0000,2020-02-23 10:47:30 +0000 +0000,1,Fahre
transaction-478,sell,2020-02-23 10:49:02 +0000 +0000,2020-02-23 10:49:02 +0000 +0000,1,Fahre
transaction-479,sell,2020-02-23 10:49:11 +0000 +0000,2020-02-23 10:49:11 +0000 +0000,1,Fahre
transaction-480,sell,2020-02-23 10:56:48 +0000 +0000,2020-02-23 10:56:48 +0000 +0000,0,Fahre
transaction-481,sell,2020-02-23 10:58:49 +0000 +0000,2020-02-23 10:58:49 +0000 +0000,5000,Fahre
transaction-482,sell,2020-02-23 11:00:56 +0000 +0000,2020-02-23 11:00:56 +0000 +0000,1,Fahre
transaction-483,sell,2020-02-23 11:06:48 +0000 +0000,2020-02-23 11:06:48 +0000 +0000,1,Fahre
transaction-484,sell,2020-02-23 11:10:54 +0000 +0000,2020-02-23 11:10:54 +0000 +0000,1,Fahre
transaction-485,sell,2020-02-23 11:12:55 +0000 +0000,2020-02-23 11:12:55 +0000 +0000,10000,Fahre
